GPT Name,GPT Summary,GPT Description,GPT Creation Date,GPT Purpose,GPT Configuration
Customer Support,Handles customer queries and provides support.,"A GPT designed to handle customer inquiries, provide support, and resolve common issues.",2024-06-04,To enhance customer service capabilities.,Configured to handle high volumes of customer queries with predefined responses.
Content Creator,Generates creative content for blogs and articles.,"This GPT generates creative content for various digital platforms including blogs and social media.",2024-04-16,To automate content creation for digital platforms.,"Custom settings for generating diverse content formats such as blogs, tweets, and captions."
Data Analyzer,Analyzes large datasets to provide insights.,"A data analysis tool that processes large datasets and generates insights to drive decision-making.",2024-03-31,To provide insights through data analysis.,Configured with advanced data processing algorithms for real-time analysis.
Code Helper,Assists in writing and debugging code.,"This GPT assists developers by providing code suggestions, debugging help, and coding tips.",2024-07-23,To improve coding efficiency for developers.,Preloaded with popular coding languages and debugging tools.
Task Manager,Manages daily tasks and reminders.,"A virtual assistant GPT that helps manage daily tasks, set reminders, and organize schedules.",2024-07-07,To assist users in managing their daily activities.,Integrates with calendar apps and task managers for seamless scheduling.
Language Translator,Translates text between multiple languages.,"This GPT is designed to translate text across multiple languages, ensuring accuracy and context.",2024-04-07,To break language barriers in communication.,Supports over 50 languages with context-aware translations.
SEO Optimizer,Optimizes website content for search engines.,"SEO optimization GPT that helps improve website visibility and search engine rankings.",2024-03-30,To boost website traffic through SEO.,Includes keyword analysis tools and content optimization suggestions.
Edu Tool,Provides educational content and quizzes.,"An educational tool GPT that creates quizzes, explains concepts, and provides learning materials.",2024-05-14,To facilitate learning and education.,Configurable with different educational levels and subjects.
Health Assistant,Assists with health-related inquiries.,"A healthcare assistant GPT that answers health-related questions and provides medical information.",2024-02-20,To provide reliable healthcare information.,Access to a vast database of medical information and guidelines.
Legal Reviewer,Reviews legal documents for compliance.,"This GPT reviews legal documents to ensure they meet compliance and legal standards.",2024-01-10,To ensure legal document compliance.,Supports multiple legal formats and compliance standards.
Market Analyst,Analyzes market trends for business strategies.,"A market analysis GPT that tracks and analyzes market trends to help businesses strategize.",2024-03-22,To support businesses in market analysis.,Real-time tracking of market indicators and competitor analysis.
Social Media,Manages social media content and engagement.,"This GPT manages social media accounts by creating content, scheduling posts, and engaging with users.",2024-04-01,To manage and grow social media presence.,Automated posting schedules and engagement tracking features.
Tech Support,Provides technical support to users.,"A technical support GPT that provides troubleshooting steps and solutions for technical issues.",2024-04-01,To provide technical assistance to users.,Preloaded with common troubleshooting guides and technical FAQs.
Creative Writer,Generates creative writing prompts and stories.,"A GPT that generates creative writing prompts and story ideas for writers and content creators.",2024-06-26,To inspire creative writing and content creation.,Generates randomized prompts based on genre and writing style.
Product Recommender,Assists with product recommendations and sales.,"This GPT assists with product recommendations and sales strategies for e-commerce businesses.",2024-01-31,To optimize e-commerce sales strategies.,Supports inventory management and dynamic pricing models.
HR Assistant,Supports HR in managing employee records.,"An HR support GPT that manages employee records, assists with recruitment, and handles HR inquiries.",2024-07-08,To support HR functions and employee management.,Secure storage of employee data with customizable access controls.
Finance Planner,Provides financial planning and advice.,"A financial planning GPT that offers advice on budgeting, saving, and investing.",2024-07-11,To offer financial guidance and planning.,Includes budgeting templates and investment portfolio analysis.
Research Assistant,Assists with scientific research and data analysis.,"This GPT assists researchers by analyzing scientific data and generating research insights.",2024-03-25,To support scientific research efforts.,Configurable with data visualization tools and research databases.
Project Manager,Manages project timelines and resources.,"A project management GPT that tracks timelines, assigns tasks, and monitors project progress.",2024-06-01,To streamline project management processes.,Integrates with task management tools and resource allocation features.
Fitness Coach,Guides users through personalized fitness routines.,"This GPT acts as a personal fitness coach, providing workout routines and fitness advice.",2024-06-29,To help users achieve their fitness goals.,Custom workout plans based on user goals and fitness levels.
