Output Text,Output Date,Output Format,Output Summary,Prompt
The quick brown fox jumps over the lazy dog. This sentence is commonly used to demonstrate font appearance and keyboard layouts.,2024-03-13,HTML,Type receive move half perform military.,Write a sentence that includes every letter of the alphabet.
In 2024, artificial intelligence continues to revolutionize various industries by enhancing efficiency, automating tasks, and enabling data-driven decisions, ultimately leading to significant advancements across sectors.,2024-03-23,Rich Text,Everything building smile moment eye road every our election vote.,Summarize the impact of artificial intelligence on industries in 2024.
Markdown is a lightweight markup language that you can use to add formatting elements to plaintext text documents. It is commonly used for creating formatted text without the need for complex HTML.,2024-07-20,HTML,Describe dinner have test student too onto.,Explain what Markdown is and how it is used.
This HTML code creates a simple web page with a heading and a paragraph: `<html><body><h1>My First Heading</h1><p>My first paragraph.</p></body></html>`. This structure is the foundation of most web pages.,2024-03-11,HTML,Test notice exist than point series hospital choice doctor front trial part.,Provide a basic example of an HTML document structure.
In conclusion, the study reveals a strong positive correlation between regular physical exercise and improved mental health, suggesting that consistent activity may significantly enhance mental well-being.,2024-08-08,Rich Text,Be whose street water prevent add smile wall public run conference.,Summarize the key findings of a study on the effects of exercise on mental health.
The company’s quarterly earnings report indicates a substantial increase in revenue, largely driven by strong sales in the tech sector and successful product launches, positioning the company for continued growth.,2024-02-26,HTML,President arrive item same another challenge listen play.,Analyze the quarterly earnings report of a tech company and summarize the key points.
In today’s digital age, data privacy is more important than ever. Protecting personal information from unauthorized access is crucial to maintaining trust and security in online interactions.,2024-02-02,Rich Text,Mention memory able month close kid whose note voice ready no.,Write a brief introduction about the importance of data privacy in the digital age.
Machine learning involves algorithms that learn from data, while deep learning is a subset of machine learning that uses neural networks to analyze complex patterns and perform advanced tasks.,2024-08-03,Markdown,Policy boy say ago response same apply party co... explain the difference between machine learning and deep learning in simple terms.
Setting up a VPN involves selecting a provider, installing the VPN software, and connecting to a secure server, which ensures your internet activity is encrypted and private.,2024-07-30,Markdown,Figure everyone fear painting political hospital particular.,Describe the process of setting up a virtual private network (VPN).
The latest trends in digital marketing for 2024 include personalized content, AI-driven campaigns, and the growing importance of social media influencers in reaching target audiences.,2024-03-08,HTML,Significant edge there enter tree community north trip that know.,Provide a summary of the latest trends in digital marketing for 2024.
Adopting renewable energy sources, such as solar and wind power, offers numerous benefits, including reducing carbon emissions, lowering energy costs, and promoting environmental sustainability.,2024-05-01,Markdown,Window fine care strategy age myself amount mother affect shoulder.,Write a persuasive paragraph on the benefits of adopting renewable energy.
Blockchain technology is a decentralized ledger system that enables secure and transparent transactions. It has the potential to revolutionize industries like finance, supply chain management, and healthcare.,2024-04-10,HTML,For present hour remain cultural plant really at born executive.,Explain the concept of blockchain technology and its potential applications.
A successful content marketing strategy involves identifying your target audience, creating valuable content, and distributing it across multiple channels to engage and convert potential customers.,2024-02-27,Rich Text,Quite tough play program anything two spend cold.,Describe the steps involved in creating a successful content marketing strategy.
Remote work offers flexibility and can lead to increased productivity, but it also presents challenges such as isolation and maintaining work-life balance. Companies must weigh these pros and cons.,2024-05-01,Rich Text,Free scene court ask month base kid bit reflect remember.,Summarize the advantages and disadvantages of remote work in today’s economy.
The internet has evolved from a military research project in the 1960s to the global communication and information network it is today, fundamentally transforming how we live and work.,2024-05-29,Markdown,Window fine care strategy age myself amount mother affect shoulder.,Write a brief overview of the history of the internet.
To create a strong password, use a combination of upper and lower case letters, numbers, and symbols. Avoid using easily guessable information, and consider using a password manager.,2024-02-22,HTML,Writer until understand process ability ready wall resource writer meet.,Provide a step-by-step guide on how to create a strong password.
Cybersecurity plays a vital role in protecting personal data from cyber threats. Implementing strong security measures, such as encryption and multi-factor authentication, helps safeguard sensitive information.,2024-05-26,Rich Text,Already nice wide seat have create.,Explain the role of cybersecurity in protecting personal data.
Mental health awareness in the workplace is essential for creating a supportive environment where employees feel valued and understood. Promoting mental well-being can lead to increased productivity and job satisfaction.,2024-06-01,Markdown,Almost last letter remember continue miss. Weight family break event develop.,Write a paragraph about the importance of mental health awareness in the workplace.
The latest smartphone model released in 2024 features a cutting-edge camera system, a faster processor, and enhanced battery life, making it a top choice for tech enthusiasts.,2024-06-29,Rich Text,Drive program act new main. Organization media bed art receive worry particularly. The ask win available. These become money high.,Describe the key features of the latest smartphone model released in 2024.
Climate change is having a profound impact on global ecosystems, leading to shifts in weather patterns, loss of biodiversity, and increasing the frequency of extreme weather events.,2024-06-01,Markdown,Mental health awareness in the workplace is essential for creating a supportive environment where employees feel valued and understood. Promoting mental well-being can lead to increased productivity and job satisfaction.,Summarize the impact of climate change on global ecosystems.
