Tag Name,Tag Description,Creation Date
Artificial Intelligence,Topics related to the development and application of AI technologies.,2024-05-14
Machine Learning,Everything about algorithms that allow computers to learn from data.,2024-06-06
Data Analysis,Techniques and tools for analyzing and interpreting data.,2024-05-02
Content Creation,"Processes and tools for generating creative content, including text, images, and video.",2024-04-10
Natural Language Processing,"Working with human language using computers, including translation and sentiment analysis.",2024-02-04
Automation,Using technology to automate repetitive tasks and processes.,2024-07-31
Customer Support,Assisting customers with inquiries and resolving issues through automation.,2024-03-18
Programming,"Writing, testing, and maintaining code across various programming languages.",2024-07-15
Cybersecurity,Protecting systems and networks from digital attacks.,2024-03-14
Digital Marketing,Strategies and tools for promoting products or services online.,2024-01-03
Web Development,"Building and maintaining websites, including frontend and backend development.",2024-05-27
Blockchain,A decentralized ledger technology enabling secure and transparent transactions.,2024-06-12
Health & Wellness,"Topics related to health, fitness, and overall well-being.",2024-05-31
Productivity,Improving efficiency and effectiveness in personal and professional tasks.,2024-08-15
Project Management,Managing projects to meet goals and deliverables on time and within budget.,2024-02-21
E-commerce,Buying and selling goods and services online.,2024-06-25
Environmental Science,Study of the environment and solutions for sustainability.,2024-07-18
Renewable Energy,"Harnessing energy from renewable sources like solar, wind, and hydro.",2024-07-24
Creative Writing,Creating fictional works or other forms of imaginative expression.,2024-05-08
Education,"Educational methods, resources, and strategies for learning.",2024-06-12
Legal Compliance,"Ensuring adherence to laws, regulations, and standards in business practices.",2024-06-07
Finance,"Managing money, including investing, budgeting, and financial planning.",2024-01-02
Social Media,"Using platforms like Facebook, Twitter, and Instagram for communication and marketing.",2024-02-01
Research,Conducting systematic investigations to establish facts or principles.,2024-06-21
Technology Trends,Updates and discussions on the latest technology developments.,2024-08-09
User Experience,Designing and improving user interfaces and experiences.,2024-01-22
Data Privacy,Protecting personal information and ensuring data confidentiality.,2024-08-10
Human Resources,"Managing employee relations, benefits, and workplace policies.",2024-07-23
Innovation,Fostering new ideas and creative solutions in business and technology.,2024-05-24
Communication,Effective exchange of information through various channels.,2024-07-09
